{"entities":{"pages":{"Overview":{"id":"Overview","title":"개요","url":"overview.html","level":0,"tabIndex":0},"1-프로젝트-구조":{"id":"1-프로젝트-구조","title":"1. 프로젝트 구조","url":"1-프로젝트-구조.html","level":0,"pages":["멀티-모듈-구조란","프로젝트-구조-분석"],"tabIndex":1},"멀티-모듈-구조란":{"id":"멀티-모듈-구조란","title":"1.1 멀티 모듈 구조란?","url":"멀티-모듈-구조란.html","level":1,"parentId":"1-프로젝트-구조","tabIndex":0},"프로젝트-구조-분석":{"id":"프로젝트-구조-분석","title":"1.2 프로젝트 구조 분석","url":"프로젝트-구조-분석.html","level":1,"parentId":"1-프로젝트-구조","tabIndex":1},"2-기본-아키텍처-설정":{"id":"2-기본-아키텍처-설정","title":"2. 기본 아키텍처 설정","url":"2-기본-아키텍처-설정.html","level":0,"tabIndex":2},"3-UI-구현":{"id":"3-UI-구현","title":"3. UI 구현","url":"3-ui-구현.html","level":0,"tabIndex":3},"4-네비게이션-구현":{"id":"4-네비게이션-구현","title":"4. 네비게이션 구현","url":"4-네비게이션-구현.html","level":0,"tabIndex":4},"5-데이터-계층-구현":{"id":"5-데이터-계층-구현","title":"5. 데이터 계층 구현","url":"5-데이터-계층-구현.html","level":0,"tabIndex":5},"6-비동기-처리":{"id":"6-비동기-처리","title":"6. 비동기 처리","url":"6-비동기-처리.html","level":0,"tabIndex":6},"7-네트워크-통신":{"id":"7-네트워크-통신","title":"7. 네트워크 통신","url":"7-네트워크-통신.html","level":0,"tabIndex":7},"8-백그라운드-작업":{"id":"8-백그라운드-작업","title":"8. 백그라운드 작업","url":"8-백그라운드-작업.html","level":0,"tabIndex":8},"9-테스트-작성":{"id":"9-테스트-작성","title":"9. 테스트 작성","url":"9-테스트-작성.html","level":0,"tabIndex":9},"10-성능-최적화":{"id":"10-성능-최적화","title":"10. 성능 최적화","url":"10-성능-최적화.html","level":0,"tabIndex":10},"11-추가-기능-구현":{"id":"11-추가-기능-구현","title":"11. 추가 기능 구현","url":"11-추가-기능-구현.html","level":0,"tabIndex":11}}},"topLevelIds":["Overview","1-프로젝트-구조","2-기본-아키텍처-설정","3-UI-구현","4-네비게이션-구현","5-데이터-계층-구현","6-비동기-처리","7-네트워크-통신","8-백그라운드-작업","9-테스트-작성","10-성능-최적화","11-추가-기능-구현"]}